idOperation,operationName,operationDuration,successors,resourceType,SP,requiredResourceUnits,consumption,idTurnaround,SIBT/TIBT,SOBT/TOBT,idStand
1,deboarding,8,"3,4,5",0,2,0,0,1,0,28,224
2,unloading baggage,7,6,1,2,1,0,1,0,28,224
3,cleaning cabin,8,7,2,3,1,0,1,0,28,224
4,catering,8,7,3,3,1,30,1,0,28,224
5,fuelling,8,7,4,5,1,30,1,0,28,224
6,loading baggage,9,8,1,2,1,0,1,0,28,224
7,boarding,8,8,0,2,0,0,1,0,28,224
8,push-back,4,,7,2,1,0,1,0,28,224
9,deboarding,8,"11,12,13",0,4,0,0,2,5,34,202
10,unloading baggage,10,14,1,4,1,0,2,5,34,202
11,cleaning cabin,13,15,2,4,1,0,2,5,34,202
12,catering,12,15,3,4,1,30,2,5,34,202
13,fuelling,9,15,4,3,1,30,2,5,34,202
14,loading baggage,13,16,1,4,1,0,2,5,34,202
15,boarding,11,16,0,4,0,0,2,5,34,202
16,push-back,4,,7,4,1,0,2,5,34,202
17,deboarding,8,"19,20,21",0,1,0,0,3,10,39,76
18,unloading baggage,10,22,1,1,1,0,3,10,39,76
19,cleaning cabin,13,23,2,5,1,0,3,10,39,76
20,catering,12,23,3,4,1,30,3,10,39,76
21,fuelling,9,23,4,5,1,30,3,10,39,76
22,loading baggage,12,24,1,1,1,0,3,10,39,76
23,boarding,10,24,0,1,0,0,3,10,39,76
24,push-back,4,,7,5,1,0,3,10,39,76
25,deboarding,8,"27,28,29",0,4,0,0,4,10,39,231
26,unloading baggage,11,30,1,4,1,0,4,10,39,231
27,cleaning cabin,11,31,2,5,1,0,4,10,39,231
28,catering,11,31,3,5,1,30,4,10,39,231
29,fuelling,8,31,4,3,1,30,4,10,39,231
30,loading baggage,11,32,1,4,1,0,4,10,39,231
31,boarding,9,32,0,4,0,0,4,10,39,231
32,push-back,4,,7,5,1,0,4,10,39,231
33,deboarding,15,"35,36,37",0,5,0,0,5,15,67,147
34,unloading baggage,10,40,1,5,1,0,5,15,67,147
35,cleaning cabin,12,41,2,4,1,0,5,15,67,147
36,catering,19,41,3,5,1,30,5,15,67,147
37,fuelling,13,41,4,4,1,30,5,15,67,147
38,change water,7,42,5,5,1,20,5,15,67,147
39,toilet services,18,42,6,5,1,20,5,15,67,147
40,loading baggage,21,42,1,5,1,0,5,15,67,147
41,boarding,16,42,0,5,0,0,5,15,67,147
42,push-back,4,,7,1,1,0,5,15,67,147
43,deboarding,10,"45,46,47",0,4,0,0,6,15,67,121
44,unloading baggage,14,50,1,4,1,0,6,15,67,121
45,cleaning cabin,13,51,2,3,1,0,6,15,67,121
46,catering,20,51,3,5,1,30,6,15,67,121
47,fuelling,11,51,4,2,1,30,6,15,67,121
48,change water,11,52,5,2,1,20,6,15,67,121
49,toilet services,20,52,6,4,1,20,6,15,67,121
50,loading baggage,19,52,1,4,1,0,6,15,67,121
51,boarding,13,52,0,4,0,0,6,15,67,121
52,push-back,4,,7,5,1,0,6,15,67,121
53,deboarding,7,"55,56,57",0,5,0,0,7,15,43,64
54,unloading baggage,8,58,1,5,1,0,7,15,43,64
55,cleaning cabin,8,59,2,5,1,0,7,15,43,64
56,catering,9,59,3,4,1,30,7,15,43,64
57,fuelling,7,59,4,5,1,30,7,15,43,64
58,loading baggage,10,60,1,5,1,0,7,15,43,64
59,boarding,7,60,0,5,0,0,7,15,43,64
60,push-back,4,,7,3,1,0,7,15,43,64
61,deboarding,7,"63,64,65",0,5,0,0,8,20,48,184
62,unloading baggage,7,66,1,5,1,0,8,20,48,184
63,cleaning cabin,7,67,2,3,1,0,8,20,48,184
64,catering,8,67,3,3,1,30,8,20,48,184
65,fuelling,9,67,4,2,1,30,8,20,48,184
66,loading baggage,10,68,1,5,1,0,8,20,48,184
67,boarding,8,68,0,5,0,0,8,20,48,184
68,push-back,4,,7,4,1,0,8,20,48,184
69,deboarding,8,"71,72,73",0,5,0,0,9,20,49,23
70,unloading baggage,10,74,1,5,1,0,9,20,49,23
71,cleaning cabin,11,75,2,5,1,0,9,20,49,23
72,catering,11,75,3,4,1,30,9,20,49,23
73,fuelling,7,75,4,5,1,30,9,20,49,23
74,loading baggage,12,76,1,5,1,0,9,20,49,23
75,boarding,10,76,0,5,0,0,9,20,49,23
76,push-back,4,,7,5,1,0,9,20,49,23
77,deboarding,14,"79,80,81",0,5,0,0,10,25,77,11
78,unloading baggage,10,84,1,5,1,0,10,25,77,11
79,cleaning cabin,13,85,2,3,1,0,10,25,77,11
80,catering,20,85,3,5,1,30,10,25,77,11
81,fuelling,16,85,4,5,1,30,10,25,77,11
82,change water,11,86,5,2,1,20,10,25,77,11
83,toilet services,20,86,6,2,1,20,10,25,77,11
84,loading baggage,17,86,1,5,1,0,10,25,77,11
85,boarding,13,86,0,5,0,0,10,25,77,11
86,push-back,4,,7,5,1,0,10,25,77,11
87,deboarding,7,"89,90,91",0,1,0,0,11,25,54,81
88,unloading baggage,10,92,1,1,1,0,11,25,54,81
89,cleaning cabin,12,93,2,3,1,0,11,25,54,81
90,catering,11,93,3,3,1,30,11,25,54,81
91,fuelling,7,93,4,4,1,30,11,25,54,81
92,loading baggage,13,94,1,1,1,0,11,25,54,81
93,boarding,10,94,0,1,0,0,11,25,54,81
94,push-back,4,,7,2,1,0,11,25,54,81
95,deboarding,7,"97,98,99",0,5,0,0,12,25,53,54
96,unloading baggage,8,100,1,5,1,0,12,25,53,54
97,cleaning cabin,8,101,2,5,1,0,12,25,53,54
98,catering,8,101,3,5,1,30,12,25,53,54
99,fuelling,8,101,4,4,1,30,12,25,53,54
100,loading baggage,9,102,1,5,1,0,12,25,53,54
101,boarding,9,102,0,5,0,0,12,25,53,54
102,push-back,4,,7,4,1,0,12,25,53,54
103,deboarding,8,"105,106,107",0,4,0,0,13,25,51,188
104,unloading baggage,19,110,1,4,1,0,13,25,51,188
105,cleaning cabin,20,111,2,5,1,0,13,25,51,188
106,catering,22,111,3,5,1,70,13,25,51,188
107,fuelling,12,111,4,5,1,90,13,25,51,188
108,change water,5,112,5,4,1,80,13,25,51,188
109,toilet services,9,112,6,3,1,40,13,25,51,188
110,loading baggage,19,112,1,4,1,0,13,25,51,188
111,boarding,23,112,0,4,0,0,13,25,51,188
112,push-back,4,,7,3,1,0,13,25,51,188
113,deboarding,7,"115,116,117",0,5,0,0,14,25,53,214
114,unloading baggage,9,118,1,5,1,0,14,25,53,214
115,cleaning cabin,8,119,2,1,1,0,14,25,53,214
116,catering,8,119,3,2,1,30,14,25,53,214
117,fuelling,8,119,4,4,1,30,14,25,53,214
118,loading baggage,9,120,1,5,1,0,14,25,53,214
119,boarding,7,120,0,5,0,0,14,25,53,214
120,push-back,4,,7,2,1,0,14,25,53,214
121,deboarding,8,"123,124,125",0,2,0,0,15,25,54,20
122,unloading baggage,11,126,1,2,1,0,15,25,54,20
123,cleaning cabin,13,127,2,5,1,0,15,25,54,20
124,catering,13,127,3,1,1,30,15,25,54,20
125,fuelling,8,127,4,5,1,30,15,25,54,20
126,loading baggage,12,128,1,2,1,0,15,25,54,20
127,boarding,10,128,0,2,0,0,15,25,54,20
128,push-back,4,,7,4,1,0,15,25,54,20
129,deboarding,7,"131,132,133",0,5,0,0,16,30,58,233
130,unloading baggage,8,134,1,5,1,0,16,30,58,233
131,cleaning cabin,8,135,2,5,1,0,16,30,58,233
132,catering,8,135,3,2,1,30,16,30,58,233
133,fuelling,7,135,4,3,1,30,16,30,58,233
134,loading baggage,8,136,1,5,1,0,16,30,58,233
135,boarding,8,136,0,5,0,0,16,30,58,233
136,push-back,4,,7,4,1,0,16,30,58,233
137,deboarding,7,"139,140,141",0,1,0,0,17,30,56,100
138,unloading baggage,21,144,1,1,1,0,17,30,56,100
139,cleaning cabin,18,145,2,5,1,0,17,30,56,100
140,catering,17,145,3,2,1,70,17,30,56,100
141,fuelling,14,145,4,5,1,90,17,30,56,100
142,change water,5,146,5,5,1,80,17,30,56,100
143,toilet services,8,146,6,4,1,40,17,30,56,100
144,loading baggage,14,146,1,1,1,0,17,30,56,100
145,boarding,22,146,0,1,0,0,17,30,56,100
146,push-back,4,,7,4,1,0,17,30,56,100
147,deboarding,10,"149,150,151",0,4,0,0,18,30,56,204
148,unloading baggage,21,154,1,4,1,0,18,30,56,204
149,cleaning cabin,18,155,2,5,1,0,18,30,56,204
150,catering,20,155,3,4,1,70,18,30,56,204
151,fuelling,13,155,4,3,1,90,18,30,56,204
152,change water,11,156,5,3,1,80,18,30,56,204
153,toilet services,9,156,6,5,1,40,18,30,56,204
154,loading baggage,18,156,1,4,1,0,18,30,56,204
155,boarding,25,156,0,4,0,0,18,30,56,204
156,push-back,4,,7,4,1,0,18,30,56,204
157,deboarding,6,"159,160,161",0,5,0,0,19,30,58,209
158,unloading baggage,8,162,1,5,1,0,19,30,58,209
159,cleaning cabin,8,163,2,1,1,0,19,30,58,209
160,catering,7,163,3,2,1,30,19,30,58,209
161,fuelling,8,163,4,5,1,30,19,30,58,209
162,loading baggage,8,164,1,5,1,0,19,30,58,209
163,boarding,8,164,0,5,0,0,19,30,58,209
164,push-back,4,,7,5,1,0,19,30,58,209
165,deboarding,7,"167,168,169",0,4,0,0,20,35,61,91
166,unloading baggage,19,172,1,4,1,0,20,35,61,91
167,cleaning cabin,17,173,2,5,1,0,20,35,61,91
168,catering,20,173,3,5,1,70,20,35,61,91
169,fuelling,17,173,4,3,1,90,20,35,61,91
170,change water,6,174,5,5,1,80,20,35,61,91
171,toilet services,11,174,6,5,1,40,20,35,61,91
172,loading baggage,19,174,1,4,1,0,20,35,61,91
173,boarding,21,174,0,4,0,0,20,35,61,91
174,push-back,4,,7,3,1,0,20,35,61,91
175,deboarding,10,"177,178,179",0,2,0,0,21,35,87,78
176,unloading baggage,10,182,1,2,1,0,21,35,87,78
177,cleaning cabin,11,183,2,2,1,0,21,35,87,78
178,catering,18,183,3,4,1,30,21,35,87,78
179,fuelling,15,183,4,4,1,30,21,35,87,78
180,change water,6,184,5,4,1,20,21,35,87,78
181,toilet services,18,184,6,3,1,20,21,35,87,78
182,loading baggage,18,184,1,2,1,0,21,35,87,78
183,boarding,14,184,0,2,0,0,21,35,87,78
184,push-back,4,,7,4,1,0,21,35,87,78
185,deboarding,7,"187,188,189",0,5,0,0,22,35,64,216
186,unloading baggage,10,190,1,5,1,0,22,35,64,216
187,cleaning cabin,13,191,2,3,1,0,22,35,64,216
188,catering,12,191,3,4,1,30,22,35,64,216
189,fuelling,9,191,4,5,1,30,22,35,64,216
190,loading baggage,13,192,1,5,1,0,22,35,64,216
191,boarding,10,192,0,5,0,0,22,35,64,216
192,push-back,4,,7,3,1,0,22,35,64,216
193,deboarding,7,"195,196,197",0,4,0,0,23,35,63,40
194,unloading baggage,7,198,1,4,1,0,23,35,63,40
195,cleaning cabin,8,199,2,3,1,0,23,35,63,40
196,catering,7,199,3,5,1,30,23,35,63,40
197,fuelling,8,199,4,5,1,30,23,35,63,40
198,loading baggage,9,200,1,4,1,0,23,35,63,40
199,boarding,8,200,0,4,0,0,23,35,63,40
200,push-back,4,,7,4,1,0,23,35,63,40
201,deboarding,7,"203,204,205",0,4,0,0,24,35,63,126
202,unloading baggage,7,206,1,4,1,0,24,35,63,126
203,cleaning cabin,8,207,2,4,1,0,24,35,63,126
204,catering,8,207,3,4,1,30,24,35,63,126
205,fuelling,9,207,4,4,1,30,24,35,63,126
206,loading baggage,9,208,1,4,1,0,24,35,63,126
207,boarding,7,208,0,4,0,0,24,35,63,126
208,push-back,4,,7,4,1,0,24,35,63,126
209,deboarding,8,"211,212,213",0,5,0,0,25,35,63,109
210,unloading baggage,8,214,1,5,1,0,25,35,63,109
211,cleaning cabin,9,215,2,5,1,0,25,35,63,109
212,catering,8,215,3,3,1,30,25,35,63,109
213,fuelling,8,215,4,5,1,30,25,35,63,109
214,loading baggage,9,216,1,5,1,0,25,35,63,109
215,boarding,8,216,0,5,0,0,25,35,63,109
216,push-back,4,,7,3,1,0,25,35,63,109
217,deboarding,6,"219,220,221",0,2,0,0,26,35,63,132
218,unloading baggage,8,222,1,2,1,0,26,35,63,132
219,cleaning cabin,8,223,2,1,1,0,26,35,63,132
220,catering,8,223,3,4,1,30,26,35,63,132
221,fuelling,9,223,4,5,1,30,26,35,63,132
222,loading baggage,10,224,1,2,1,0,26,35,63,132
223,boarding,8,224,0,2,0,0,26,35,63,132
224,push-back,4,,7,3,1,0,26,35,63,132
225,deboarding,6,"227,228,229",0,4,0,0,27,40,66,85
226,unloading baggage,19,232,1,4,1,0,27,40,66,85
227,cleaning cabin,14,233,2,4,1,0,27,40,66,85
228,catering,21,233,3,1,1,70,27,40,66,85
229,fuelling,18,233,4,5,1,90,27,40,66,85
230,change water,4,234,5,4,1,80,27,40,66,85
231,toilet services,15,234,6,5,1,40,27,40,66,85
232,loading baggage,14,234,1,4,1,0,27,40,66,85
233,boarding,24,234,0,4,0,0,27,40,66,85
234,push-back,4,,7,4,1,0,27,40,66,85
235,deboarding,8,"237,238,239",0,4,0,0,28,40,68,32
236,unloading baggage,8,240,1,4,1,0,28,40,68,32
237,cleaning cabin,9,241,2,1,1,0,28,40,68,32
238,catering,8,241,3,3,1,30,28,40,68,32
239,fuelling,8,241,4,4,1,30,28,40,68,32
240,loading baggage,9,242,1,4,1,0,28,40,68,32
241,boarding,9,242,0,4,0,0,28,40,68,32
242,push-back,4,,7,5,1,0,28,40,68,32
243,deboarding,7,"245,246,247",0,5,0,0,29,40,68,177
244,unloading baggage,9,248,1,5,1,0,29,40,68,177
245,cleaning cabin,8,249,2,5,1,0,29,40,68,177
246,catering,7,249,3,5,1,30,29,40,68,177
247,fuelling,8,249,4,5,1,30,29,40,68,177
248,loading baggage,8,250,1,5,1,0,29,40,68,177
249,boarding,7,250,0,5,0,0,29,40,68,177
250,push-back,4,,7,5,1,0,29,40,68,177
251,deboarding,15,"253,254,255",0,3,0,0,30,40,92,225
252,unloading baggage,11,258,1,3,1,0,30,40,92,225
253,cleaning cabin,16,259,2,5,1,0,30,40,92,225
254,catering,21,259,3,5,1,30,30,40,92,225
255,fuelling,11,259,4,5,1,30,30,40,92,225
256,change water,10,260,5,4,1,20,30,40,92,225
257,toilet services,18,260,6,2,1,20,30,40,92,225
258,loading baggage,18,260,1,3,1,0,30,40,92,225
259,boarding,12,260,0,3,0,0,30,40,92,225
260,push-back,4,,7,5,1,0,30,40,92,225
261,deboarding,9,"263,264,265",0,1,0,0,31,40,69,82
262,unloading baggage,11,266,1,1,1,0,31,40,69,82
263,cleaning cabin,13,267,2,5,1,0,31,40,69,82
264,catering,11,267,3,4,1,30,31,40,69,82
265,fuelling,7,267,4,5,1,30,31,40,69,82
266,loading baggage,11,268,1,1,1,0,31,40,69,82
267,boarding,10,268,0,1,0,0,31,40,69,82
268,push-back,4,,7,4,1,0,31,40,69,82
269,deboarding,8,"271,272,273",0,1,0,0,32,50,79,163
270,unloading baggage,11,274,1,1,1,0,32,50,79,163
271,cleaning cabin,12,275,2,5,1,0,32,50,79,163
272,catering,12,275,3,3,1,30,32,50,79,163
273,fuelling,8,275,4,2,1,30,32,50,79,163
274,loading baggage,13,276,1,1,1,0,32,50,79,163
275,boarding,10,276,0,1,0,0,32,50,79,163
276,push-back,4,,7,3,1,0,32,50,79,163
277,deboarding,14,"279,280,281",0,3,0,0,33,50,102,13
278,unloading baggage,12,284,1,3,1,0,33,50,102,13
279,cleaning cabin,15,285,2,4,1,0,33,50,102,13
280,catering,20,285,3,5,1,30,33,50,102,13
281,fuelling,13,285,4,5,1,30,33,50,102,13
282,change water,8,286,5,5,1,20,33,50,102,13
283,toilet services,17,286,6,5,1,20,33,50,102,13
284,loading baggage,17,286,1,3,1,0,33,50,102,13
285,boarding,12,286,0,3,0,0,33,50,102,13
286,push-back,4,,7,2,1,0,33,50,102,13
287,deboarding,15,"289,290,291",0,4,0,0,34,65,117,228
288,unloading baggage,12,294,1,4,1,0,34,65,117,228
289,cleaning cabin,12,295,2,4,1,0,34,65,117,228
290,catering,19,295,3,4,1,30,34,65,117,228
291,fuelling,15,295,4,3,1,30,34,65,117,228
292,change water,8,296,5,5,1,20,34,65,117,228
293,toilet services,19,296,6,4,1,20,34,65,117,228
294,loading baggage,20,296,1,4,1,0,34,65,117,228
295,boarding,16,296,0,4,0,0,34,65,117,228
296,push-back,4,,7,4,1,0,34,65,117,228
297,deboarding,11,"299,300,301",0,2,0,0,35,70,122,59
298,unloading baggage,8,304,1,2,1,0,35,70,122,59
299,cleaning cabin,14,305,2,5,1,0,35,70,122,59
300,catering,19,305,3,5,1,30,35,70,122,59
301,fuelling,16,305,4,4,1,30,35,70,122,59
302,change water,10,306,5,2,1,20,35,70,122,59
303,toilet services,20,306,6,4,1,20,35,70,122,59
304,loading baggage,21,306,1,2,1,0,35,70,122,59
305,boarding,12,306,0,2,0,0,35,70,122,59
306,push-back,4,,7,5,1,0,35,70,122,59
307,deboarding,7,"309,310,311",0,4,0,0,36,70,98,110
308,unloading baggage,9,312,1,4,1,0,36,70,98,110
309,cleaning cabin,8,313,2,5,1,0,36,70,98,110
310,catering,7,313,3,5,1,30,36,70,98,110
311,fuelling,9,313,4,5,1,30,36,70,98,110
312,loading baggage,8,314,1,4,1,0,36,70,98,110
313,boarding,8,314,0,4,0,0,36,70,98,110
314,push-back,4,,7,4,1,0,36,70,98,110
315,deboarding,7,"317,318,319",0,4,0,0,37,70,98,3
316,unloading baggage,9,320,1,4,1,0,37,70,98,3
317,cleaning cabin,8,321,2,5,1,0,37,70,98,3
318,catering,9,321,3,5,1,30,37,70,98,3
319,fuelling,9,321,4,5,1,30,37,70,98,3
320,loading baggage,9,322,1,4,1,0,37,70,98,3
321,boarding,9,322,0,4,0,0,37,70,98,3
322,push-back,4,,7,4,1,0,37,70,98,3
323,deboarding,15,"325,326,327",0,4,0,0,38,75,127,240
324,unloading baggage,14,330,1,4,1,0,38,75,127,240
325,cleaning cabin,13,331,2,5,1,0,38,75,127,240
326,catering,21,331,3,4,1,30,38,75,127,240
327,fuelling,13,331,4,2,1,30,38,75,127,240
328,change water,7,332,5,2,1,20,38,75,127,240
329,toilet services,15,332,6,4,1,20,38,75,127,240
330,loading baggage,19,332,1,4,1,0,38,75,127,240
331,boarding,16,332,0,4,0,0,38,75,127,240
332,push-back,4,,7,5,1,0,38,75,127,240
333,deboarding,11,"335,336,337",0,5,0,0,39,80,132,50
334,unloading baggage,12,340,1,5,1,0,39,80,132,50
335,cleaning cabin,15,341,2,3,1,0,39,80,132,50
336,catering,20,341,3,5,1,30,39,80,132,50
337,fuelling,15,341,4,2,1,30,39,80,132,50
338,change water,11,342,5,5,1,20,39,80,132,50
339,toilet services,18,342,6,1,1,20,39,80,132,50
340,loading baggage,19,342,1,5,1,0,39,80,132,50
341,boarding,12,342,0,5,0,0,39,80,132,50
342,push-back,4,,7,5,1,0,39,80,132,50
343,deboarding,8,"345,346,347",0,5,0,0,40,85,114,62
344,unloading baggage,9,348,1,5,1,0,40,85,114,62
345,cleaning cabin,11,349,2,5,1,0,40,85,114,62
346,catering,11,349,3,4,1,30,40,85,114,62
347,fuelling,8,349,4,5,1,30,40,85,114,62
348,loading baggage,12,350,1,5,1,0,40,85,114,62
349,boarding,9,350,0,5,0,0,40,85,114,62
350,push-back,4,,7,2,1,0,40,85,114,62
351,deboarding,13,"353,354,355",0,5,0,0,41,85,111,153
352,unloading baggage,25,358,1,5,1,0,41,85,111,153
353,cleaning cabin,18,359,2,4,1,0,41,85,111,153
354,catering,22,359,3,3,1,70,41,85,111,153
355,fuelling,12,359,4,5,1,90,41,85,111,153
356,change water,5,360,5,5,1,80,41,85,111,153
357,toilet services,15,360,6,2,1,40,41,85,111,153
358,loading baggage,19,360,1,5,1,0,41,85,111,153
359,boarding,21,360,0,5,0,0,41,85,111,153
360,push-back,4,,7,3,1,0,41,85,111,153
361,deboarding,14,"363,364,365",0,3,0,0,42,85,137,221
362,unloading baggage,9,368,1,3,1,0,42,85,137,221
363,cleaning cabin,16,369,2,5,1,0,42,85,137,221
364,catering,17,369,3,4,1,30,42,85,137,221
365,fuelling,11,369,4,5,1,30,42,85,137,221
366,change water,11,370,5,5,1,20,42,85,137,221
367,toilet services,21,370,6,4,1,20,42,85,137,221
368,loading baggage,21,370,1,3,1,0,42,85,137,221
369,boarding,11,370,0,3,0,0,42,85,137,221
370,push-back,4,,7,5,1,0,42,85,137,221
371,deboarding,11,"373,374,375",0,5,0,0,43,85,137,45
372,unloading baggage,11,378,1,5,1,0,43,85,137,45
373,cleaning cabin,12,379,2,5,1,0,43,85,137,45
374,catering,20,379,3,4,1,30,43,85,137,45
375,fuelling,13,379,4,5,1,30,43,85,137,45
376,change water,11,380,5,3,1,20,43,85,137,45
377,toilet services,16,380,6,5,1,20,43,85,137,45
378,loading baggage,18,380,1,5,1,0,43,85,137,45
379,boarding,17,380,0,5,0,0,43,85,137,45
380,push-back,4,,7,2,1,0,43,85,137,45
381,deboarding,11,"383,384,385",0,4,0,0,44,85,137,73
382,unloading baggage,9,388,1,4,1,0,44,85,137,73
383,cleaning cabin,12,389,2,5,1,0,44,85,137,73
384,catering,18,389,3,5,1,30,44,85,137,73
385,fuelling,15,389,4,3,1,30,44,85,137,73
386,change water,11,390,5,5,1,20,44,85,137,73
387,toilet services,20,390,6,5,1,20,44,85,137,73
388,loading baggage,20,390,1,4,1,0,44,85,137,73
389,boarding,13,390,0,4,0,0,44,85,137,73
390,push-back,4,,7,4,1,0,44,85,137,73
391,deboarding,14,"393,394,395",0,5,0,0,45,85,137,182
392,unloading baggage,11,398,1,5,1,0,45,85,137,182
393,cleaning cabin,15,399,2,2,1,0,45,85,137,182
394,catering,19,399,3,2,1,30,45,85,137,182
395,fuelling,15,399,4,2,1,30,45,85,137,182
396,change water,9,400,5,3,1,20,45,85,137,182
397,toilet services,17,400,6,2,1,20,45,85,137,182
398,loading baggage,16,400,1,5,1,0,45,85,137,182
399,boarding,16,400,0,5,0,0,45,85,137,182
400,push-back,4,,7,5,1,0,45,85,137,182
401,deboarding,9,"403,404,405",0,5,0,0,46,85,114,151
402,unloading baggage,10,406,1,5,1,0,46,85,114,151
403,cleaning cabin,12,407,2,5,1,0,46,85,114,151
404,catering,12,407,3,3,1,30,46,85,114,151
405,fuelling,8,407,4,4,1,30,46,85,114,151
406,loading baggage,12,408,1,5,1,0,46,85,114,151
407,boarding,9,408,0,5,0,0,46,85,114,151
408,push-back,4,,7,3,1,0,46,85,114,151
409,deboarding,8,"411,412,413",0,2,0,0,47,90,119,171
410,unloading baggage,10,414,1,2,1,0,47,90,119,171
411,cleaning cabin,11,415,2,3,1,0,47,90,119,171
412,catering,13,415,3,4,1,30,47,90,119,171
413,fuelling,8,415,4,5,1,30,47,90,119,171
414,loading baggage,12,416,1,2,1,0,47,90,119,171
415,boarding,9,416,0,2,0,0,47,90,119,171
416,push-back,4,,7,4,1,0,47,90,119,171
417,deboarding,15,"419,420,421",0,5,0,0,48,90,142,63
418,unloading baggage,9,424,1,5,1,0,48,90,142,63
419,cleaning cabin,14,425,2,5,1,0,48,90,142,63
420,catering,22,425,3,2,1,30,48,90,142,63
421,fuelling,15,425,4,4,1,30,48,90,142,63
422,change water,6,426,5,1,1,20,48,90,142,63
423,toilet services,17,426,6,4,1,20,48,90,142,63
424,loading baggage,19,426,1,5,1,0,48,90,142,63
425,boarding,14,426,0,5,0,0,48,90,142,63
426,push-back,4,,7,5,1,0,48,90,142,63
427,deboarding,11,"429,430,431",0,2,0,0,49,90,116,116
428,unloading baggage,23,434,1,2,1,0,49,90,116,116
429,cleaning cabin,18,435,2,4,1,0,49,90,116,116
430,catering,20,435,3,5,1,70,49,90,116,116
431,fuelling,13,435,4,3,1,90,49,90,116,116
432,change water,3,436,5,4,1,80,49,90,116,116
433,toilet services,11,436,6,5,1,40,49,90,116,116
434,loading baggage,13,436,1,2,1,0,49,90,116,116
435,boarding,26,436,0,2,0,0,49,90,116,116
436,push-back,4,,7,5,1,0,49,90,116,116
437,deboarding,7,"439,440,441",0,5,0,0,50,90,118,69
438,unloading baggage,8,442,1,5,1,0,50,90,118,69
439,cleaning cabin,8,443,2,5,1,0,50,90,118,69
440,catering,8,443,3,4,1,30,50,90,118,69
441,fuelling,8,443,4,4,1,30,50,90,118,69
442,loading baggage,8,444,1,5,1,0,50,90,118,69
443,boarding,7,444,0,5,0,0,50,90,118,69
444,push-back,4,,7,5,1,0,50,90,118,69
445,deboarding,7,"447,448,449",0,5,0,0,51,90,118,51
446,unloading baggage,8,450,1,5,1,0,51,90,118,51
447,cleaning cabin,9,451,2,5,1,0,51,90,118,51
448,catering,8,451,3,5,1,30,51,90,118,51
449,fuelling,7,451,4,3,1,30,51,90,118,51
450,loading baggage,8,452,1,5,1,0,51,90,118,51
451,boarding,8,452,0,5,0,0,51,90,118,51
452,push-back,4,,7,4,1,0,51,90,118,51
453,deboarding,7,"455,456,457",0,4,0,0,52,90,118,247
454,unloading baggage,7,458,1,4,1,0,52,90,118,247
455,cleaning cabin,9,459,2,5,1,0,52,90,118,247
456,catering,7,459,3,4,1,30,52,90,118,247
457,fuelling,8,459,4,5,1,30,52,90,118,247
458,loading baggage,9,460,1,4,1,0,52,90,118,247
459,boarding,9,460,0,4,0,0,52,90,118,247
460,push-back,4,,7,5,1,0,52,90,118,247
461,deboarding,13,"463,464,465",0,5,0,0,53,90,116,65
462,unloading baggage,26,468,1,5,1,0,53,90,116,65
463,cleaning cabin,17,469,2,4,1,0,53,90,116,65
464,catering,17,469,3,5,1,70,53,90,116,65
465,fuelling,14,469,4,5,1,90,53,90,116,65
466,change water,5,470,5,5,1,80,53,90,116,65
467,toilet services,9,470,6,5,1,40,53,90,116,65
468,loading baggage,14,470,1,5,1,0,53,90,116,65
469,boarding,24,470,0,5,0,0,53,90,116,65
470,push-back,4,,7,5,1,0,53,90,116,65
471,deboarding,8,"473,474,475",0,5,0,0,54,90,119,234
472,unloading baggage,10,476,1,5,1,0,54,90,119,234
473,cleaning cabin,12,477,2,5,1,0,54,90,119,234
474,catering,13,477,3,4,1,30,54,90,119,234
475,fuelling,8,477,4,5,1,30,54,90,119,234
476,loading baggage,11,478,1,5,1,0,54,90,119,234
477,boarding,11,478,0,5,0,0,54,90,119,234
478,push-back,4,,7,5,1,0,54,90,119,234
479,deboarding,7,"481,482,483",0,5,0,0,55,90,119,145
480,unloading baggage,10,484,1,5,1,0,55,90,119,145
481,cleaning cabin,13,485,2,2,1,0,55,90,119,145
482,catering,13,485,3,5,1,30,55,90,119,145
483,fuelling,9,485,4,4,1,30,55,90,119,145
484,loading baggage,11,486,1,5,1,0,55,90,119,145
485,boarding,11,486,0,5,0,0,55,90,119,145
486,push-back,4,,7,4,1,0,55,90,119,145
487,deboarding,7,"489,490,491",0,3,0,0,56,90,118,143
488,unloading baggage,9,492,1,3,1,0,56,90,118,143
489,cleaning cabin,7,493,2,3,1,0,56,90,118,143
490,catering,9,493,3,4,1,30,56,90,118,143
491,fuelling,8,493,4,3,1,30,56,90,118,143
492,loading baggage,9,494,1,3,1,0,56,90,118,143
493,boarding,8,494,0,3,0,0,56,90,118,143
494,push-back,4,,7,5,1,0,56,90,118,143
495,deboarding,13,"497,498,499",0,3,0,0,57,95,121,139
496,unloading baggage,18,502,1,3,1,0,57,95,121,139
497,cleaning cabin,14,503,2,1,1,0,57,95,121,139
498,catering,22,503,3,5,1,70,57,95,121,139
499,fuelling,18,503,4,3,1,90,57,95,121,139
500,change water,10,504,5,4,1,80,57,95,121,139
501,toilet services,9,504,6,5,1,40,57,95,121,139
502,loading baggage,16,504,1,3,1,0,57,95,121,139
503,boarding,21,504,0,3,0,0,57,95,121,139
504,push-back,4,,7,5,1,0,57,95,121,139
505,deboarding,14,"507,508,509",0,3,0,0,58,95,147,167
506,unloading baggage,12,512,1,3,1,0,58,95,147,167
507,cleaning cabin,13,513,2,4,1,0,58,95,147,167
508,catering,18,513,3,5,1,30,58,95,147,167
509,fuelling,16,513,4,5,1,30,58,95,147,167
510,change water,11,514,5,4,1,20,58,95,147,167
511,toilet services,19,514,6,5,1,20,58,95,147,167
512,loading baggage,15,514,1,3,1,0,58,95,147,167
513,boarding,17,514,0,3,0,0,58,95,147,167
514,push-back,4,,7,3,1,0,58,95,147,167
515,deboarding,13,"517,518,519",0,4,0,0,59,95,147,126
516,unloading baggage,10,522,1,4,1,0,59,95,147,126
517,cleaning cabin,14,523,2,4,1,0,59,95,147,126
518,catering,23,523,3,2,1,30,59,95,147,126
519,fuelling,16,523,4,5,1,30,59,95,147,126
520,change water,7,524,5,4,1,20,59,95,147,126
521,toilet services,18,524,6,4,1,20,59,95,147,126
522,loading baggage,18,524,1,4,1,0,59,95,147,126
523,boarding,16,524,0,4,0,0,59,95,147,126
524,push-back,4,,7,5,1,0,59,95,147,126
525,deboarding,6,"527,528,529",0,4,0,0,60,100,128,141
526,unloading baggage,7,530,1,4,1,0,60,100,128,141
527,cleaning cabin,9,531,2,4,1,0,60,100,128,141
528,catering,9,531,3,5,1,30,60,100,128,141
529,fuelling,7,531,4,1,1,30,60,100,128,141
530,loading baggage,9,532,1,4,1,0,60,100,128,141
531,boarding,8,532,0,4,0,0,60,100,128,141
532,push-back,4,,7,5,1,0,60,100,128,141
533,deboarding,6,"535,536,537",0,3,0,0,61,100,128,217
534,unloading baggage,8,538,1,3,1,0,61,100,128,217
535,cleaning cabin,7,539,2,4,1,0,61,100,128,217
536,catering,9,539,3,2,1,30,61,100,128,217
537,fuelling,9,539,4,5,1,30,61,100,128,217
538,loading baggage,9,540,1,3,1,0,61,100,128,217
539,boarding,8,540,0,3,0,0,61,100,128,217
540,push-back,4,,7,4,1,0,61,100,128,217
541,deboarding,7,"543,544,545",0,5,0,0,62,100,128,257
542,unloading baggage,9,546,1,5,1,0,62,100,128,257
543,cleaning cabin,8,547,2,3,1,0,62,100,128,257
544,catering,8,547,3,4,1,30,62,100,128,257
545,fuelling,9,547,4,4,1,30,62,100,128,257
546,loading baggage,9,548,1,5,1,0,62,100,128,257
547,boarding,9,548,0,5,0,0,62,100,128,257
548,push-back,4,,7,5,1,0,62,100,128,257
549,deboarding,12,"551,552,553",0,5,0,0,63,110,162,249
550,unloading baggage,8,556,1,5,1,0,63,110,162,249
551,cleaning cabin,14,557,2,4,1,0,63,110,162,249
552,catering,22,557,3,5,1,30,63,110,162,249
553,fuelling,12,557,4,4,1,30,63,110,162,249
554,change water,8,558,5,5,1,20,63,110,162,249
555,toilet services,19,558,6,4,1,20,63,110,162,249
556,loading baggage,20,558,1,5,1,0,63,110,162,249
557,boarding,13,558,0,5,0,0,63,110,162,249
558,push-back,4,,7,5,1,0,63,110,162,249
559,deboarding,6,"561,562,563",0,5,0,0,64,115,143,66
560,unloading baggage,8,564,1,5,1,0,64,115,143,66
561,cleaning cabin,8,565,2,4,1,0,64,115,143,66
562,catering,9,565,3,5,1,30,64,115,143,66
563,fuelling,8,565,4,2,1,30,64,115,143,66
564,loading baggage,8,566,1,5,1,0,64,115,143,66
565,boarding,7,566,0,5,0,0,64,115,143,66
566,push-back,4,,7,3,1,0,64,115,143,66
567,deboarding,9,"569,570,571",0,2,0,0,65,115,144,86
568,unloading baggage,9,572,1,2,1,0,65,115,144,86
569,cleaning cabin,12,573,2,5,1,0,65,115,144,86
570,catering,11,573,3,4,1,30,65,115,144,86
571,fuelling,8,573,4,5,1,30,65,115,144,86
572,loading baggage,12,574,1,2,1,0,65,115,144,86
573,boarding,10,574,0,2,0,0,65,115,144,86
574,push-back,4,,7,4,1,0,65,115,144,86